Search Name,Clip Code,Title EN,SubGenre,Genres,Rating,Video Format,Year,Keyword,Start Time,End Time,Data ID,Stream URL,Play Result,Status
"Mum Kitchen S1",Not Found,"","","",,,,"",,,,,N/A,Not Found in DB
"Mum Kitchen S2",Not Found,"","","",,,,"",,,,,N/A,Not Found in DB
"Mum Kitchen S3",Not Found,"","","",,,,"",,,,,N/A,Not Found in DB
"Mum Kitchen S4",Not Found,"","","",,,,"",,,,,N/A,Not Found in DB
"Coming From Venus S1",ENT_VAS_VN_31174,"COMING FROM VENUS S1, EP25","Variety show","Entertainment",1,HD,2018,"",2018-10-08T00:00:00+07:00,,606d1656-5489-47d0-80c4-abb3deb19f32,https://censorship.kplus.vn/MediaAssets/Asset/2d8063f1-99e6-ee11-9144-f40270bf9ea7/StreamPreview,YES,Success
"Coming From Venus S1",ENT_VAS_VN_30918,"COMING FROM VENUS S1, EP24","Variety show","Entertainment",1,HD,2018,"",2018-10-08T00:00:00+07:00,,12ee87e1-9e8b-4b79-a743-859110fbd3fc,https://censorship.kplus.vn/MediaAssets/Asset/8f516719-9ae6-ee11-9144-f40270bf9ea7/StreamPreview,YES,Success
"Coming From Venus S1",ENT_VAS_VN_30599,"COMING FROM VENUS S1, EP23","Variety show","Entertainment",1,HD,2018,"",2018-10-08T00:00:00+07:00,,8e7e45b4-7b0f-4a1c-ad20-cd89c161e33e,https://censorship.kplus.vn/MediaAssets/Asset/6eaff20a-98e6-ee11-9144-f40270bf9ea7/StreamPreview,YES,Success
"Coming From Venus S1",ENT_VAS_VN_30390,"COMING FROM VENUS S1, EP22","Variety show","Entertainment",1,HD,2018,"",2018-10-08T00:00:00+07:00,,c535482d-d2b1-4f3a-80d9-a5f360e80c62,https://censorship.kplus.vn/MediaAssets/Asset/b362df1a-98e6-ee11-9144-f40270bf9ea7/StreamPreview,YES,Success
"Coming From Venus S1",ENT_VAS_VN_30158,"COMING FROM VENUS S1, EP21","Variety show","Entertainment",1,HD,2018,"",2018-10-08T00:00:00+07:00,,e9d4633b-83d6-4302-ba72-de401dd1dbf8,https://censorship.kplus.vn/MediaAssets/Asset/4e747e74-99e6-ee11-9144-f40270bf9ea7/StreamPreview,YES,Success
"Coming From Venus S1",ENT_VAS_VN_29856,"COMING FROM VENUS S1, EP20","Variety show","Entertainment",1,HD,2018,"",2018-10-08T00:00:00+07:00,,65c14f8c-18c6-49d0-91f8-0dffe8d84751,https://censorship.kplus.vn/MediaAssets/Asset/124d8b57-9ae6-ee11-9144-f40270bf9ea7/StreamPreview,YES,Success
"Coming From Venus S1",ENT_VAS_VN_29538,"COMING FROM VENUS S1, EP19","Variety show","Entertainment",1,HD,2018,"",2018-10-08T00:00:00+07:00,,649a7de8-9977-4793-bdf9-ef3c5512f8a7,https://censorship.kplus.vn/MediaAssets/Asset/4b747e74-99e6-ee11-9144-f40270bf9ea7/StreamPreview,YES,Success
"Coming From Venus S1",ENT_VAS_VN_29279,"COMING FROM VENUS S1, EP18","Variety show","Entertainment",1,HD,2018,"",2018-10-08T00:00:00+07:00,,845fa4ac-e7a9-4c12-b1c2-6f3a99e6d70b,https://censorship.kplus.vn/MediaAssets/Asset/68aff20a-98e6-ee11-9144-f40270bf9ea7/StreamPreview,YES,Success
"Coming From Venus S1",ENT_VAS_VN_29051,"COMING FROM VENUS S1, EP17","Variety show","Entertainment",1,HD,2018,"",2018-10-08T00:00:00+07:00,,c72f2f88-f969-45f3-9ced-ad7cd113199d,https://censorship.kplus.vn/MediaAssets/Asset/984e0103-42f4-ef11-8593-0c42a12723cb/StreamPreview,YES,Success
"Coming From Venus S1",ENT_VAS_VN_28107,"COMING FROM VENUS S1, EP16","Variety show","Entertainment",1,HD,2018,"",2018-10-08T00:00:00+07:00,,0fc38f46-350a-488b-9505-3c4caf83f98f,https://censorship.kplus.vn/MediaAssets/Asset/605d9222-9ae6-ee11-9144-f40270bf9ea7/StreamPreview,YES,Success
"Coming From Venus S1",ENT_VAS_VN_28106,"COMING FROM VENUS S1, EP15","Variety show","Entertainment",1,HD,2018,"",2018-10-08T00:00:00+07:00,,913b5791-fb45-4b93-a89e-030a91c9e312,https://censorship.kplus.vn/MediaAssets/Asset/e72f52af-99e6-ee11-9144-f40270bf9ea7/StreamPreview,YES,Success
"Coming From Venus S1",ENT_VAS_VN_28105,"COMING FROM VENUS S1, EP14","Variety show","Entertainment",1,HD,2018,"",2018-10-08T00:00:00+07:00,,50186357-d1a5-48e1-aedd-2fb32b0acc91,https://censorship.kplus.vn/MediaAssets/Asset/e7fdf0e2-98e6-ee11-9144-f40270bf9ea7/StreamPreview,YES,Success
"Coming From Venus S1",ENT_VAS_VN_28104,"COMING FROM VENUS S1, EP13","Variety show","Entertainment",1,HD,2018,"",2018-10-08T00:00:00+07:00,,9be650f8-688a-447a-80bb-51d12b882ad0,https://censorship.kplus.vn/MediaAssets/Asset/3cbfbb4b-99e6-ee11-9144-f40270bf9ea7/StreamPreview,YES,Success
"Coming From Venus S1",ENT_VAS_VN_26953,"COMING FROM VENUS S1, EP12","Variety show","Entertainment",1,HD,2018,"",2018-10-08T00:00:00+07:00,,ba88116e-76b6-4a87-9872-06f598566b54,https://censorship.kplus.vn/MediaAssets/Asset/5bb66ccb-99e6-ee11-9144-f40270bf9ea7/StreamPreview,YES,Success
"Coming From Venus S1",ENT_VAS_VN_26952,"COMING FROM VENUS S1, EP11","Variety show","Entertainment",1,HD,2018,"",2018-10-08T00:00:00+07:00,,1034eed2-a077-4a0d-a55f-2564742253fa,https://censorship.kplus.vn/MediaAssets/Asset/c162d643-98e6-ee11-9144-f40270bf9ea7/StreamPreview,YES,Success
"Coming From Venus S1",ENT_VAS_VN_26951_2411709,"COMING FROM VENUS S1, EP10","Variety show","Entertainment",1,HD,2018,"",2018-10-04T00:00:00+07:00,,bd389211-bd91-48ec-9d11-3d46713a5239,https://censorship.kplus.vn/MediaAssets/Asset/455282aa-09f0-ef11-8593-0c42a12723cb/StreamPreview,YES,Success
"Coming From Venus S1",ENT_VAS_VN_26950,"COMING FROM VENUS S1, EP09","Variety show","Entertainment",1,HD1080i,2018,"",2018-10-04T00:00:00+07:00,,89f38481-4af0-446d-8cdc-efd00c19892e,https://censorship.kplus.vn/MediaAssets/Asset/e915821a-0df0-ef11-8593-0c42a12723cb/StreamPreview,YES,Success
"Coming From Venus S1",ENT_VAS_VN_26949_2411707,"COMING FROM VENUS S1, EP08","Variety show","Entertainment",1,HD,2018,"",2018-10-04T00:00:00+07:00,,ed1cd3c2-4768-45ca-a7d0-80413ac046a1,https://censorship.kplus.vn/MediaAssets/Asset/d23cb638-99e6-ee11-9144-f40270bf9ea7/StreamPreview,YES,Success
"Coming From Venus S1",ENT_VAS_VN_26527,"COMING FROM VENUS S1, EP07","Variety show","Entertainment",1,HD,2018,"",2018-10-04T00:00:00+07:00,,d7485b19-dc37-4188-a0db-1b081758815d,https://censorship.kplus.vn/MediaAssets/Asset/c8b8d09b-09f0-ef11-8593-0c42a12723cb/StreamPreview,YES,Success
"Coming From Venus S1",ENT_VAS_VN_26340_2411717,"COMING FROM VENUS S1, EP06","Variety show","Entertainment",1,HD,2018,"",2018-10-04T00:00:00+07:00,,858a2a6b-61cd-40b0-94f1-95bc4d60b158,https://censorship.kplus.vn/MediaAssets/Asset/3fb0f702-07f0-ef11-8593-0c42a12723cb/StreamPreview,YES,Success
"Coming From Venus S1",ENT_VAS_VN_26276,"COMING FROM VENUS S1, EP05","Variety show","Entertainment",1,HD,2018,"",2018-10-04T00:00:00+07:00,,fc4381c1-83fe-4e1f-8436-9f0f5e92103a,https://censorship.kplus.vn/MediaAssets/Asset/f7f0188e-04f0-ef11-8593-0c42a12723cb/StreamPreview,YES,Success
"Coming From Venus S1",ENT_VAS_VN_26177_2411715,"COMING FROM VENUS S1, EP04","Variety show","Entertainment",1,HD,2018,"",2018-10-04T00:00:00+07:00,,2abe917c-3008-410e-aeaa-ed1e9d486f48,https://censorship.kplus.vn/MediaAssets/Asset/13efe6ee-97e6-ee11-9144-f40270bf9ea7/StreamPreview,YES,Success
"Coming From Venus S1",ENT_VAS_VN_26025,"COMING FROM VENUS S1, EP03","Variety show","Entertainment",1,HD,2018,"",2018-09-26T00:00:00+07:00,,3c5f3416-0de6-43e2-83f2-064b489ca36d,https://censorship.kplus.vn/MediaAssets/Asset/28e1999a-99e6-ee11-9144-f40270bf9ea7/StreamPreview,YES,Success
"Coming From Venus S1",ENT_VAS_VN_25817,"COMING FROM VENUS S1, EP02","Variety show","Entertainment",1,HD,2018,"",2018-09-26T00:00:00+07:00,,d3297c51-78d3-463e-8d9d-f46954387987,https://censorship.kplus.vn/MediaAssets/Asset/f315ce6c-8def-ef11-8593-0c42a12723cb/StreamPreview,YES,Success
"Coming From Venus S1",ENT_VAS_VN_25726,"COMING FROM VENUS S1, EP01","Variety show","Entertainment",1,HD,2018,"",2018-09-26T00:00:00+07:00,,6317237b-cd14-401a-87ec-1727b12fc29d,https://censorship.kplus.vn/MediaAssets/Asset/5b28d744-83ef-ef11-8593-0c42a12723cb/StreamPreview,YES,Success
"Coming From Venus S2",ENT_VAS_VN_35296,"COMING FROM VENUS S2, EP18","Variety show","Entertainment",1,HD,2018,"",2018-10-22T00:00:00+07:00,,399c7b72-ca03-418a-8264-8305861d203b,https://censorship.kplus.vn/MediaAssets/Asset/0d251ed4-9be6-ee11-9144-f40270bf9ea7/StreamPreview,YES,Success
"Coming From Venus S2",ENT_VAS_VN_34593,"COMING FROM VENUS S2, EP17","Variety show","Entertainment",1,HD,2018,"",2018-10-22T00:00:00+07:00,,ca0bac00-8cb1-4b12-b9e7-93bbb58f5007,https://censorship.kplus.vn/MediaAssets/Asset/80084351-9de6-ee11-9144-f40270bf9ea7/StreamPreview,YES,Success
"Coming From Venus S2",ENT_VAS_VN_34592,"COMING FROM VENUS S2, EP16","Variety show","Entertainment",1,HD,2018,"",2018-10-22T00:00:00+07:00,,6f928d5e-6f5a-4c75-b56c-814f924883ae,https://censorship.kplus.vn/MediaAssets/Asset/dfc8dc3b-9de6-ee11-9144-f40270bf9ea7/StreamPreview,YES,Success
"Coming From Venus S2",ENT_VAS_VN_34591,"COMING FROM VENUS S2, EP15","Variety show","Entertainment",1,HD,2018,"",2018-10-15T00:00:00+07:00,,b93de9ac-dcac-4c1c-8864-24aaf367d484,https://censorship.kplus.vn/MediaAssets/Asset/49227fda-9be6-ee11-9144-f40270bf9ea7/StreamPreview,YES,Success
"Coming From Venus S2",ENT_VAS_VN_33810,"COMING FROM VENUS S2, EP14","Variety show","Entertainment",1,HD,2018,"",2018-10-15T00:00:00+07:00,,3d5c3533-315e-4c8d-902d-cf83bafb4106,https://censorship.kplus.vn/MediaAssets/Asset/99f5ecab-9be6-ee11-9144-f40270bf9ea7/StreamPreview,YES,Success
"Coming From Venus S2",ENT_VAS_VN_40739_2411771,"COMING FROM VENUS S2, EP44","Variety show","Entertainment",1,HD,2018,"",2018-11-05T00:00:00+07:00,,7b05d5a0-5e00-4022-b012-558cda7bac3d,https://censorship.kplus.vn/MediaAssets/Asset/4a8497e8-4ff0-ef11-8593-0c42a12723cb/StreamPreview,YES,Success
"Coming From Venus S2",ENT_VAS_VN_39588_2411770,"COMING FROM VENUS S2, EP43","Variety show","Entertainment",1,HD,2018,"",2018-11-05T00:00:00+07:00,,3fa45e91-818c-475a-ba1b-b09d72ad38ce,https://censorship.kplus.vn/MediaAssets/Asset/b9f295d5-4ff0-ef11-8593-0c42a12723cb/StreamPreview,YES,Success
"Coming From Venus S2",ENT_VAS_VN_39587,"COMING FROM VENUS S2, EP42","Variety show","Entertainment",1,HD,2018,"",2018-11-05T00:00:00+07:00,,a20e568d-85ca-48d4-987e-c3def755694b,https://censorship.kplus.vn/MediaAssets/Asset/9d15fd0d-9de6-ee11-9144-f40270bf9ea7/StreamPreview,YES,Success
"Coming From Venus S2",ENT_VAS_VN_39586,"COMING FROM VENUS S2, EP41","Variety show","Entertainment",1,HD,2018,"",2018-11-05T00:00:00+07:00,,a390c9d4-f351-4ac3-a291-ce50061447eb,https://censorship.kplus.vn/MediaAssets/Asset/7d09bf88-4ff0-ef11-8593-0c42a12723cb/StreamPreview,YES,Success
"Coming From Venus S2",ENT_VAS_VN_39585,"COMING FROM VENUS S2, EP40","Variety show","Entertainment",1,HD,2018,"",2018-11-05T00:00:00+07:00,,9c1f44fc-b7dd-47e8-8fca-885972b3e98a,https://censorship.kplus.vn/MediaAssets/Asset/f08e522f-6ca8-ef11-8593-0c42a12723cb/StreamPreview,YES,Success
"Coming From Venus S2",ENT_VAS_VN_38446,"COMING FROM VENUS S2, EP39","Variety show","Entertainment",1,HD,2018,"",2018-11-05T00:00:00+07:00,,b2094fe4-b1e4-400c-b06f-615219edcf02,https://censorship.kplus.vn/MediaAssets/Asset/b4d30bba-4ff0-ef11-8593-0c42a12723cb/StreamPreview,YES,Success
"Coming From Venus S2",ENT_VAS_VN_38445,"COMING FROM VENUS S2, EP38","Variety show","Entertainment",1,HD,2018,"",2018-11-05T00:00:00+07:00,,44f1f103-9c1e-4229-ae50-ac0cd8624785,https://censorship.kplus.vn/MediaAssets/Asset/dcf10c64-9be6-ee11-9144-f40270bf9ea7/StreamPreview,YES,Success
"Coming From Venus S2",ENT_VAS_VN_38444,"COMING FROM VENUS S2, EP37","Variety show","Entertainment",1,HD,2018,"",2018-11-05T00:00:00+07:00,,13e31ba6-cc56-4efc-b73b-82c543201cef,https://censorship.kplus.vn/MediaAssets/Asset/fa0d5e32-9ce6-ee11-9144-f40270bf9ea7/StreamPreview,YES,Success
"Coming From Venus S2",ENT_VAS_VN_38201,"COMING FROM VENUS S2, EP36","Variety show","Entertainment",1,HD,2018,"",2018-11-05T00:00:00+07:00,,005d821f-36c8-4386-911f-a2a85ef79f6d,https://censorship.kplus.vn/MediaAssets/Asset/85046601-9de6-ee11-9144-f40270bf9ea7/StreamPreview,YES,Success
"Coming From Venus S2",ENT_VAS_VN_37597,"COMING FROM VENUS S2, EP35","Variety show","Entertainment",1,HD,2018,"",2018-10-30T00:00:00+07:00,,bd61a19d-8d5c-4049-a30e-86dd2b57f927,https://censorship.kplus.vn/MediaAssets/Asset/1a46e8c5-9be6-ee11-9144-f40270bf9ea7/StreamPreview,YES,Success
"Coming From Venus S2",ENT_VAS_VN_37596,"COMING FROM VENUS S2, EP34","Variety show","Entertainment",1,HD,2018,"",2018-10-30T00:00:00+07:00,,6d4937ce-2ac4-4249-84ef-b761128863f3,https://censorship.kplus.vn/MediaAssets/Asset/1770093f-9ce6-ee11-9144-f40270bf9ea7/StreamPreview,YES,Success
"Coming From Venus S2",ENT_VAS_VN_37285,"COMING FROM VENUS S2, EP33","Variety show","Entertainment",1,HD,2018,"",2018-10-30T00:00:00+07:00,,151f5860-1dd0-43f4-9741-c5a88f71f890,https://censorship.kplus.vn/MediaAssets/Asset/aed4895f-9ce6-ee11-9144-f40270bf9ea7/StreamPreview,YES,Success
"Coming From Venus S2",ENT_VAS_VN_37041,"COMING FROM VENUS S2, EP32","Variety show","Entertainment",1,HD,2018,"",2018-10-30T00:00:00+07:00,,0d2b0060-3d0e-42f5-a1aa-a38cf68e240d,https://censorship.kplus.vn/MediaAssets/Asset/91046601-9de6-ee11-9144-f40270bf9ea7/StreamPreview,YES,Success
"Coming From Venus S2",ENT_VAS_VN_37040,"COMING FROM VENUS S2, EP31","Variety show","Entertainment",1,HD,2018,"",2018-10-30T00:00:00+07:00,,8eb8f4de-d609-4eff-888f-1327fb6c512e,https://censorship.kplus.vn/MediaAssets/Asset/704dd698-9be6-ee11-9144-f40270bf9ea7/StreamPreview,YES,Success
"Coming From Venus S2",ENT_VAS_VN_36819_2411757,"COMING FROM VENUS S2, EP30","Variety show","Entertainment",1,HD,2018,"",2018-10-29T00:00:00+07:00,,9eaff962-34e6-4dc1-af35-2ca54abcef5a,https://censorship.kplus.vn/MediaAssets/Asset/79f78424-9be6-ee11-9144-f40270bf9ea7/StreamPreview,YES,Success
"Coming From Venus S2",ENT_VAS_VN_36818_2411756,"COMING FROM VENUS S2, EP29","Variety show","Entertainment",1,HD,2018,"",2018-10-29T00:00:00+07:00,,c12a9802-970f-42f6-a8be-cdc8ad8b1d84,https://censorship.kplus.vn/MediaAssets/Asset/9cf5ecab-9be6-ee11-9144-f40270bf9ea7/StreamPreview,YES,Success
"Coming From Venus S2",ENT_VAS_VN_36817_2411755,"COMING FROM VENUS S2, EP28","Variety show","Entertainment",1,HD,2018,"",2018-10-29T00:00:00+07:00,,70f89db6-e526-45fe-be0c-143e18cd53b0,https://censorship.kplus.vn/MediaAssets/Asset/abb4a47d-9be6-ee11-9144-f40270bf9ea7/StreamPreview,YES,Success
"Coming From Venus S2",ENT_VAS_VN_36717_2411754,"COMING FROM VENUS S2, EP27","Variety show","Entertainment",1,HD,2018,"",2018-10-29T00:00:00+07:00,,46e01bb0-d8be-47ea-ba32-6dbd1a15f5d7,https://censorship.kplus.vn/MediaAssets/Asset/2ea9bf7f-9de6-ee11-9144-f40270bf9ea7/StreamPreview,YES,Success
"Coming From Venus S2",ENT_VAS_VN_36637_2411753,"COMING FROM VENUS S2, EP26","Variety show","Entertainment",1,HD,2018,"",2018-10-29T00:00:00+07:00,,1276d820-cbf7-4eae-9aa7-37d174ed8751,https://censorship.kplus.vn/MediaAssets/Asset/764dd698-9be6-ee11-9144-f40270bf9ea7/StreamPreview,YES,Success
"Coming From Venus S2",ENT_VAS_VN_36468_2411752,"COMING FROM VENUS S2, EP25","Variety show","Entertainment",1,HD,2018,"",2018-10-22T00:00:00+07:00,,b7b2ad46-28b3-4013-a464-99d5d1e3c97d,https://censorship.kplus.vn/MediaAssets/Asset/292cf943-9de6-ee11-9144-f40270bf9ea7/StreamPreview,YES,Success
"Coming From Venus S2",ENT_VAS_VN_36467,"COMING FROM VENUS S2, EP24","Variety show","Entertainment",1,HD,2018,"",2018-10-22T00:00:00+07:00,,5a710dca-dc11-4749-9fd3-815a6962c601,https://censorship.kplus.vn/MediaAssets/Asset/fffacefd-9be6-ee11-9144-f40270bf9ea7/StreamPreview,YES,Success
"Coming From Venus S2",ENT_VAS_VN_36096,"COMING FROM VENUS S2, EP22","Variety show","Entertainment",1,HD,2018,"",2018-10-22T00:00:00+07:00,,7e5198ae-9fd7-4c01-b516-cde0dcb3030b,https://censorship.kplus.vn/MediaAssets/Asset/0fe1bb83-9be6-ee11-9144-f40270bf9ea7/StreamPreview,YES,Success
"Coming From Venus S2",ENT_VAS_VN_36198,"COMING FROM VENUS S2, EP23","Variety show","Entertainment",1,HD,2018,"",2018-10-22T00:00:00+07:00,,adaf7cad-2e02-4e72-aa94-5bd667e6ea64,https://censorship.kplus.vn/MediaAssets/Asset/da529aca-9ce6-ee11-9144-f40270bf9ea7/StreamPreview,YES,Success
"Coming From Venus S2",ENT_VAS_VN_35516,"COMING FROM VENUS S2, EP21","Variety show","Entertainment",1,HD,2018,"",2018-10-22T00:00:00+07:00,,0f13fb80-031e-41d4-afc2-72ce04d1c126,https://censorship.kplus.vn/MediaAssets/Asset/4abedb20-9de6-ee11-9144-f40270bf9ea7/StreamPreview,YES,Success
"Coming From Venus S2",ENT_VAS_VN_35515,"COMING FROM VENUS S2, EP20","Variety show","Entertainment",1,HD,2018,"",2018-10-22T00:00:00+07:00,,f7995f0f-bda8-47d5-867e-cd953c916fc7,https://censorship.kplus.vn/MediaAssets/Asset/a2b754ae-77f0-ef11-8593-0c42a12723cb/StreamPreview,YES,Success
"Coming From Venus S2",ENT_VAS_VN_35514,"COMING FROM VENUS S2, EP19","Variety show","Entertainment",1,HD,2018,"",2018-10-22T00:00:00+07:00,,953c9471-3da6-4e17-9757-71abc894309e,https://censorship.kplus.vn/MediaAssets/Asset/c80b98a1-9ce6-ee11-9144-f40270bf9ea7/StreamPreview,YES,Success
"Coming From Venus S2",ENT_VAS_VN_33809,"COMING FROM VENUS S2, EP13","Variety show","Entertainment",1,HD,2018,"",2018-10-15T00:00:00+07:00,,5beb8000-d172-4ed4-81c1-df47314092aa,https://censorship.kplus.vn/MediaAssets/Asset/0a251ed4-9be6-ee11-9144-f40270bf9ea7/StreamPreview,YES,Success
"Coming From Venus S2",ENT_VAS_VN_33737,"COMING FROM VENUS S2, EP12","Variety show","Entertainment",1,HD,2018,"",2018-10-15T00:00:00+07:00,,56113c23-0690-4e54-8484-43d38048c21d,https://censorship.kplus.vn/MediaAssets/Asset/ab310c6a-9be6-ee11-9144-f40270bf9ea7/StreamPreview,YES,Success
"Coming From Venus S2",ENT_VAS_VN_33310_2411738,"COMING FROM VENUS S2, EP11","Variety show","Entertainment",1,HD,2018,"",2018-10-15T00:00:00+07:00,,34332ce4-6946-4d78-b209-d2f20a655055,https://censorship.kplus.vn/MediaAssets/Asset/ae239cdc-f58d-ef11-8593-0c42a12723cb/StreamPreview,YES,Success
"Coming From Venus S2",ENT_VAS_VN_33216,"COMING FROM VENUS S2, EP10","Variety show","Entertainment",1,HD,2018,"",2018-10-15T00:00:00+07:00,,b46f7227-5e55-4d9c-82be-0609f0ad57dc,https://censorship.kplus.vn/MediaAssets/Asset/48a7086f-4ff0-ef11-8593-0c42a12723cb/StreamPreview,YES,Success
"Coming From Venus S2",ENT_VAS_VN_32998,"COMING FROM VENUS S2, EP09","Variety show","Entertainment",1,HD,2018,"",2018-10-15T00:00:00+07:00,,a8aba395-526e-4c5c-90cf-940cddc8fd97,https://censorship.kplus.vn/MediaAssets/Asset/0135a0b1-9ce6-ee11-9144-f40270bf9ea7/StreamPreview,YES,Success
"Coming From Venus S2",ENT_VAS_VN_32701_2411735,"COMING FROM VENUS S2, EP08","Variety show","Entertainment",1,HD,2018,"",2018-10-15T00:00:00+07:00,,1e2246b3-ba8d-42f3-bf88-55ee3fc17c43,https://censorship.kplus.vn/MediaAssets/Asset/2ba409b0-f58d-ef11-8593-0c42a12723cb/StreamPreview,YES,Success
"Coming From Venus S2",ENT_VAS_VN_32500_2411733,"COMING FROM VENUS S2, EP07","Variety show","Entertainment",1,HD,2018,"",2018-10-15T00:00:00+07:00,,31702444-b560-43df-aa54-dbfa568a877f,https://censorship.kplus.vn/MediaAssets/Asset/c9b57e8a-9de6-ee11-9144-f40270bf9ea7/StreamPreview,YES,Success
"Coming From Venus S2",ENT_VAS_VN_32404_2411732,"COMING FROM VENUS S2, EP06","Variety show","Entertainment",1,HD,2018,"",2018-10-15T00:00:00+07:00,,de4b4844-e728-434e-ada8-c2487d003653,https://censorship.kplus.vn/MediaAssets/Asset/7a739e1a-9de6-ee11-9144-f40270bf9ea7/StreamPreview,YES,Success
"Coming From Venus S2",ENT_VAS_VN_32143_2411731,"COMING FROM VENUS S2, EP05","Variety show","Entertainment",1,HD,2018,"",2018-10-15T00:00:00+07:00,,7f6f2352-85c7-4ea1-9b5a-dd673463d49e,https://censorship.kplus.vn/MediaAssets/Asset/ecc6deb8-9be6-ee11-9144-f40270bf9ea7/StreamPreview,YES,Success
"Coming From Venus S2",ENT_VAS_VN_31974,"COMING FROM VENUS S2, EP04","Variety show","Entertainment",1,HD,2018,"",2018-10-15T00:00:00+07:00,,e3570258-f916-40ab-87a7-a198d25c8a50,https://censorship.kplus.vn/MediaAssets/Asset/973f3612-9ce6-ee11-9144-f40270bf9ea7/StreamPreview,YES,Success
"Coming From Venus S2",ENT_VAS_VN_31485_2411728,"COMING FROM VENUS S2, EP02","Variety show","Entertainment",1,HD,2018,"",,,e5788dc0-6cd1-45af-9081-00d7f11ef29d,https://censorship.kplus.vn/MediaAssets/Asset/913f3612-9ce6-ee11-9144-f40270bf9ea7/StreamPreview,YES,Success
"Coming From Venus S2",ENT_VAS_VN_31687_2411729,"COMING FROM VENUS S2, EP03","Variety show","Entertainment",1,HD,2018,"",2018-10-02T00:00:00+07:00,,3262e18c-15c7-4567-80df-ff39191bf45d,https://censorship.kplus.vn/MediaAssets/Asset/8ac0f39b-9de6-ee11-9144-f40270bf9ea7/StreamPreview,YES,Success
"Coming From Venus S2",ENT_VAS_VN_31365_2411727,"COMING FROM VENUS S2, EP01","Variety show","Entertainment",1,HD,2018,"",2018-10-02T00:00:00+07:00,,8e7aeee8-23c4-4a63-a1c5-80c6c5ff3122,https://censorship.kplus.vn/MediaAssets/Asset/d08621bd-98e6-ee11-9144-f40270bf9ea7/StreamPreview,YES,Success
"Coming From Venus S3",ENT_VAS_HNCV_14_2459143,"COMING FROM VENUS S3, EP43","Variety show","Entertainment",1,HD,2018,"",2018-12-03T00:00:00+07:00,,3d1d997d-c165-4db5-b97c-7e63e82eb4ce,https://censorship.kplus.vn/MediaAssets/Asset/1badd349-a2e6-ee11-9144-f40270bf9ea7/StreamPreview,YES,Success
"Coming From Venus S3",ENT_VAS_HNCV_14_2459142,"COMING FROM VENUS S3, EP42","Variety show","Entertainment",1,HD,2018,"",2018-12-03T00:00:00+07:00,,3a5e8743-cdac-4e27-9e97-ee760200014c,https://censorship.kplus.vn/MediaAssets/Asset/648b55f9-a4e6-ee11-9144-f40270bf9ea7/StreamPreview,YES,Success
"Coming From Venus S3",ENT_VAS_HNCV_14_2459141,"COMING FROM VENUS S3, EP41","Variety show","Entertainment",1,HD,2018,"",2018-12-03T00:00:00+07:00,,af7fa54b-803b-4b40-a35f-bbbac844646c,https://censorship.kplus.vn/MediaAssets/Asset/7242ed30-a6e6-ee11-9144-f40270bf9ea7/StreamPreview,YES,Success
"Coming From Venus S3",ENT_VAS_HNCV_14_2458362,"COMING FROM VENUS S3, EP40","Variety show","Entertainment",1,HD,2018,"",2018-12-03T00:00:00+07:00,,0347c333-04d6-4344-855d-ff54dcbd58ac,https://censorship.kplus.vn/MediaAssets/Asset/8e621208-a3e6-ee11-9144-f40270bf9ea7/StreamPreview,YES,Success
"Coming From Venus S3",ENT_VAS_HNCV_14_2458361,"COMING FROM VENUS S3, EP39","Variety show","Entertainment",1,HD,2018,"",2018-12-03T00:00:00+07:00,,af38c1a8-2a11-4fd2-a82a-ee2cff392287,https://censorship.kplus.vn/MediaAssets/Asset/631c94a3-a4e6-ee11-9144-f40270bf9ea7/StreamPreview,YES,Success
"Coming From Venus S3",ENT_VAS_HNCV_14_2458360,"COMING FROM VENUS S3, EP38","Variety show","Entertainment",1,HD,2018,"",2018-12-03T00:00:00+07:00,,d61b9476-2a4c-4b23-a610-f34316d5d237,https://censorship.kplus.vn/MediaAssets/Asset/c66d1f71-a8e6-ee11-9144-f40270bf9ea7/StreamPreview,YES,Success
"Coming From Venus S3",ENT_VAS_HNCV_14_2458359,"COMING FROM VENUS S3, EP37","Variety show","Entertainment",1,HD,2018,"",2018-12-03T00:00:00+07:00,,f972c1de-72f7-44f9-8ea9-5583b0383660,https://censorship.kplus.vn/MediaAssets/Asset/f5fed6d6-a3e6-ee11-9144-f40270bf9ea7/StreamPreview,YES,Success
"Coming From Venus S3",ENT_VAS_HNCV_14_2458358,"COMING FROM VENUS S3, EP36","Variety show","Entertainment",1,HD,2018,"",2018-12-03T00:00:00+07:00,,e83c92ce-63cb-4700-9f62-baef52f2b60c,https://censorship.kplus.vn/MediaAssets/Asset/0a66752f-a2e6-ee11-9144-f40270bf9ea7/StreamPreview,YES,Success
"Coming From Venus S3",ENT_VAS_HNCV_14_2447720,"COMING FROM VENUS S3, EP35","Variety show","Entertainment",1,HD,2018,"",2018-12-03T00:00:00+07:00,,48057c79-d286-450c-8465-7eb4d58dcf12,https://censorship.kplus.vn/MediaAssets/Asset/8142ed30-a6e6-ee11-9144-f40270bf9ea7/StreamPreview,YES,Success
"Coming From Venus S3",ENT_VAS_HNCV_14_2447719,"COMING FROM VENUS S3, EP34","Variety show","Entertainment",1,HD,2018,"",2018-12-03T00:00:00+07:00,,4fdc0555-0957-4521-99c0-3bc6204d2b5a,https://censorship.kplus.vn/MediaAssets/Asset/a26c42e9-a3e6-ee11-9144-f40270bf9ea7/StreamPreview,YES,Success
"Coming From Venus S3",ENT_VAS_HNCV_14_2447717,"COMING FROM VENUS S3, EP32","Variety show","Entertainment",1,HD,2018,"",2018-12-03T00:00:00+07:00,,3d96a977-3ddf-495d-8a27-96bf285badd1,https://censorship.kplus.vn/MediaAssets/Asset/0920898b-a0e6-ee11-9144-f40270bf9ea7/StreamPreview,YES,Success
"Coming From Venus S3",ENT_VAS_HNCV_14_2447718,"COMING FROM VENUS S3, EP33","Variety show","Entertainment",1,HD,2018,"",2018-12-03T00:00:00+07:00,,d626b973-c48a-4249-aaa4-7b0eec8ffe88,https://censorship.kplus.vn/MediaAssets/Asset/cb5af0ae-a1e6-ee11-9144-f40270bf9ea7/StreamPreview,YES,Success
"Coming From Venus S3",ENT_VAS_HNCV_14_2447240,"COMING FROM VENUS S3, EP31","Variety show","Entertainment",1,HD,2018,"",2018-11-26T00:00:00+07:00,,c9a3f0ba-e97c-4c6d-abb8-509a347a61ad,https://censorship.kplus.vn/MediaAssets/Asset/c593ca39-a0e6-ee11-9144-f40270bf9ea7/StreamPreview,YES,Success
"Coming From Venus S3",ENT_VAS_HNCV_14_2447239,"COMING FROM VENUS S3, EP30","Variety show","Entertainment",1,HD,2018,"",2014-08-21T00:00:00+07:00,,7d3b2f18-81f5-4abb-b3de-0c816897d5f9,https://censorship.kplus.vn/MediaAssets/Asset/5100c3c3-a6e6-ee11-9144-f40270bf9ea7/StreamPreview,YES,Success
"Coming From Venus S3",ENT_VAS_HNCV_14_HNCV_14_2446844,"COMING FROM VENUS S3, EP29","Variety show","Entertainment",1,HD,2018,"",2018-11-26T00:00:00+07:00,,10b21248-5d22-41e0-8c72-46e562e83a4d,https://censorship.kplus.vn/MediaAssets/Asset/350623a1-a6e6-ee11-9144-f40270bf9ea7/StreamPreview,YES,Success
"Coming From Venus S3",ENT_VAS_HNCV_14_2446845,"COMING FROM VENUS S3, EP27","Variety show","Entertainment",1,HD,2018,"",2018-11-26T00:00:00+07:00,,2479a551-bc2f-4048-9597-55f532877a89,https://censorship.kplus.vn/MediaAssets/Asset/ae12d370-a0e6-ee11-9144-f40270bf9ea7/StreamPreview,YES,Success
"Coming From Venus S3",ENT_VAS_HNCV_14_2446733,"COMING FROM VENUS S3, EP28","Variety show","Entertainment",1,HD,2018,"",2018-11-26T00:00:00+07:00,,835e54ce-6979-4680-b3fa-223817ac89cf,https://censorship.kplus.vn/MediaAssets/Asset/e5dcbe9a-a2e6-ee11-9144-f40270bf9ea7/StreamPreview,YES,Success
"Coming From Venus S3",ENT_VAS_14_2446529,"COMING FROM VENUS S3, EP25","Variety show","Entertainment",1,HD,2018,"",2018-11-26T00:00:00+07:00,,4ce844da-f6b1-4daf-a4ff-a9858d389115,https://censorship.kplus.vn/MediaAssets/Asset/b8338ca0-a9e6-ee11-9144-f40270bf9ea7/StreamPreview,YES,Success
"Coming From Venus S3",ENT_VAS_14_2446525,"COMING FROM VENUS S3, EP24","Variety show","Entertainment",1,HD,2018,"",2018-11-26T00:00:00+07:00,,9bed954b-8fc2-432a-988b-a9bcb7a21223,https://censorship.kplus.vn/MediaAssets/Asset/8b04292a-aae6-ee11-9144-f40270bf9ea7/StreamPreview,YES,Success
"Coming From Venus S3",ENT_VAS_14_2446524,"COMING FROM VENUS S3, EP23","Variety show","Entertainment",1,HD,2018,"",2018-11-19T00:00:00+07:00,,377e7bd1-a4bb-42d4-b20a-d5051025b5eb,https://censorship.kplus.vn/MediaAssets/Asset/93bc1e65-ece9-ef11-8593-0c42a12723cb/StreamPreview,YES,Success
"Coming From Venus S3",ENT_VAS_14_2446412,"COMING FROM VENUS S3, EP21","Variety show","Entertainment",1,HD,2018,"",2018-11-19T00:00:00+07:00,,9b6f03f5-a428-46b6-83b3-78ef8fa20447,https://censorship.kplus.vn/MediaAssets/Asset/8b2356a4-a7e6-ee11-9144-f40270bf9ea7/StreamPreview,YES,Success
"Coming From Venus S3",ENT_VAS_14_2436343,"COMING FROM VENUS S3, EP26","Variety show","Entertainment",1,HD,2018,"",2018-11-26T00:00:00+07:00,,68a9350f-3220-4459-a627-071b072910fd,https://censorship.kplus.vn/MediaAssets/Asset/25858ac5-eae9-ef11-8593-0c42a12723cb/StreamPreview,YES,Success
"Coming From Venus S3",ENT_VAS_14_2436344,"COMING FROM VENUS S3, EP22","Variety show","Entertainment",1,HD,2018,"",2018-11-19T00:00:00+07:00,,a2e563d9-975c-4f11-a63b-009fed3d7c08,https://censorship.kplus.vn/MediaAssets/Asset/5a9f937d-a0e6-ee11-9144-f40270bf9ea7/StreamPreview,YES,Success
"Coming From Venus S3",ENT_VAS_14_2435347,"COMING FROM VENUS S3, EP20","Variety show","Entertainment",1,HD,2018,"",2018-11-19T00:00:00+07:00,,800c8a7c-45a1-4635-b9c8-54b7f57cdc8f,https://censorship.kplus.vn/MediaAssets/Asset/42194144-c1e9-ef11-8593-0c42a12723cb/StreamPreview,YES,Success
"Coming From Venus S3",ENT_VAS_14_a2435301_2435301,"COMING FROM VENUS S3, EP19","Variety show","Entertainment",1,HD,2018,"",2018-11-19T00:00:00+07:00,,5ef77df9-c822-46f3-9e96-7ca66b976ff1,https://censorship.kplus.vn/MediaAssets/Asset/1efbe188-a1e6-ee11-9144-f40270bf9ea7/StreamPreview,YES,Success
"Coming From Venus S3",ENT_VAS_14_2435179,"COMING FROM VENUS S3, EP17","Variety show","Entertainment",1,HD,2018,"",2018-11-19T00:00:00+07:00,,5900bc6c-b8b3-474d-a525-816f28b30b83,https://censorship.kplus.vn/MediaAssets/Asset/8e972609-dbf1-ef11-8593-0c42a12723cb/StreamPreview,YES,Success
"Coming From Venus S3",ENT_VAS_14_2435178,"COMING FROM VENUS S3, EP16","Variety show","Entertainment",1,HD,2018,"",2018-11-19T00:00:00+07:00,,7e8a0cfe-dca0-465b-b2bd-3a5882d1120d,https://censorship.kplus.vn/MediaAssets/Asset/41a33d13-a5e6-ee11-9144-f40270bf9ea7/StreamPreview,YES,Success
"Coming From Venus S3",ENT_VAS_14_2435180,"COMING FROM VENUS S3, EP18","Variety show","Entertainment",1,HD,2018,"",2018-11-19T00:00:00+07:00,,0d51a57c-ea6f-4b81-a857-693277c4c706,https://censorship.kplus.vn/MediaAssets/Asset/9ff29361-85ea-ef11-8593-0c42a12723cb/StreamPreview,YES,Success
"Coming From Venus S3",ENT_VAS_14_12434856_2434856,"COMING FROM VENUS S3, EP15","Variety show","Entertainment",1,HD,2018,"",2018-11-19T00:00:00+07:00,,fd9c963a-db11-4f2b-86bd-099a658b23ca,https://censorship.kplus.vn/MediaAssets/Asset/c0c7ff96-a8e6-ee11-9144-f40270bf9ea7/StreamPreview,YES,Success
"Coming From Venus S3",ENT_VAS_14_12434855_2434855,"COMING FROM VENUS S3, EP14","Variety show","Entertainment",1,HD,2018,"",2018-11-19T00:00:00+07:00,,9c3b2a01-9b40-4a3c-9118-4743d9c3412b,https://censorship.kplus.vn/MediaAssets/Asset/341d70df-a6e6-ee11-9144-f40270bf9ea7/StreamPreview,YES,Success
"Coming From Venus S3",ENT_VAS_14_12434854,"COMING FROM VENUS S3, EP13","Variety show","Entertainment",1,HD,2018,"",2018-11-12T00:00:00+07:00,,6c374aa5-4d01-440b-9738-feee93aa3a22,https://censorship.kplus.vn/MediaAssets/Asset/5b8f6e52-a7e6-ee11-9144-f40270bf9ea7/StreamPreview,YES,Success
"Coming From Venus S3",ENT_VAS_14_12434344,"COMING FROM VENUS S3, EP10","Variety show","Entertainment",3,HD,2018,"",2018-11-12T00:00:00+07:00,,e554ffeb-017d-4337-8603-6dd89515c9dd,https://censorship.kplus.vn/MediaAssets/Asset/eea4d5a8-a3e6-ee11-9144-f40270bf9ea7/StreamPreview,YES,Success
"Coming From Venus S3",ENT_VAS_14_12434345_2434345,"COMING FROM VENUS S3, EP11","Variety show","Entertainment",1,HD,2018,"",2018-11-12T00:00:00+07:00,,0e822571-14bd-4cde-ad15-816102b50b7a,https://censorship.kplus.vn/MediaAssets/Asset/f1fec949-8df1-ef11-8593-0c42a12723cb/StreamPreview,YES,Success
"Coming From Venus S3",ENT_VAS_14_12434346_2434346,"COMING FROM VENUS S3, EP12","Variety show","Entertainment",1,HD,2018,"",2018-11-12T00:00:00+07:00,,dfd7fbc0-3501-4cab-8d2b-aa885ad0174d,https://censorship.kplus.vn/MediaAssets/Asset/d2a12cdc-daf1-ef11-8593-0c42a12723cb/StreamPreview,YES,Success
"Coming From Venus S3",ENT_VAS_14_12433947_2433947,"COMING FROM VENUS S3, EP09","Variety show","Entertainment",3,HD,2018,"",2018-11-12T00:00:00+07:00,,5c9d4f16-07d1-444c-91c8-21ea61a56a3a,https://censorship.kplus.vn/MediaAssets/Asset/ce066df4-a8e6-ee11-9144-f40270bf9ea7/StreamPreview,YES,Success
"Coming From Venus S3",ENT_VAS_14_12433791,"COMING FROM VENUS S3, EP08","Variety show","Entertainment",3,HD,2018,"",2018-11-12T00:00:00+07:00,,098d3bc8-0819-4b66-89c9-484e894fb135,https://censorship.kplus.vn/MediaAssets/Asset/506ccf29-a3e6-ee11-9144-f40270bf9ea7/StreamPreview,YES,Success
"Coming From Venus S3",ENT_VAS_14_2433145,"COMING FROM VENUS S3, EP07","Variety show","Entertainment",3,HD,2018,"",2018-11-12T00:00:00+07:00,,205879ff-9479-4f90-8c36-57dbf645f842,https://censorship.kplus.vn/MediaAssets/Asset/d445a556-a8e6-ee11-9144-f40270bf9ea7/StreamPreview,YES,Success
"Coming From Venus S3",ENT_VAS_14_2433144,"COMING FROM VENUS S3, EP06","Variety show","Entertainment",3,HD,2018,"",2018-11-12T00:00:00+07:00,,8f0b5de9-07be-49ac-827c-b25906a7999f,https://censorship.kplus.vn/MediaAssets/Asset/cd1ff61c-a6e6-ee11-9144-f40270bf9ea7/StreamPreview,YES,Success
"Coming From Venus S3",ENT_VAS_HNCV_14_14_VN_2432791,"COMING FROM VENUS S3, EP05","Variety show","Entertainment",3,HD,2018,"",2018-11-12T00:00:00+07:00,,3b11f8d5-c5df-4d09-8429-cad3e4fdd391,https://censorship.kplus.vn/MediaAssets/Asset/1dd1a669-a0e6-ee11-9144-f40270bf9ea7/StreamPreview,YES,Success
"Coming From Venus S3",ENT_VAS_VN_2432790,"COMING FROM VENUS S3, EP04","Variety show","Entertainment",2,HD,2018,"",2018-11-12T00:00:00+07:00,,f62474b1-3b93-4511-8186-aa3836f9a54f,https://censorship.kplus.vn/MediaAssets/Asset/45818e1f-a7e6-ee11-9144-f40270bf9ea7/StreamPreview,YES,Success
"Coming From Venus S3",ENT_VAS_VN_51562_2431873,"COMING FROM VENUS S3, EP03","Variety show","Entertainment",2,HD,2018,"",2018-10-02T00:00:00+07:00,,84ee52d6-852c-4a52-aafe-d4555ba5a364,https://censorship.kplus.vn/MediaAssets/Asset/e3e1feaf-a3e6-ee11-9144-f40270bf9ea7/StreamPreview,YES,Success
"Coming From Venus S3",ENT_VAS_VN_51561_2431872,"COMING FROM VENUS S3, EP02","Variety show","Entertainment",3,HD,2018,"",2018-10-02T00:00:00+07:00,,f67f9851-bbef-49a1-b70d-90ddc0c09a5d,https://censorship.kplus.vn/MediaAssets/Asset/4cbdac09-ebf0-ef11-8593-0c42a12723cb/StreamPreview,YES,Success
"Coming From Venus S3",ENT_VAS_VN_51560_2431871,"COMING FROM VENUS S3, EP01","Variety show","Entertainment",2,HD,2018,"",2018-10-02T00:00:00+07:00,,27b4e7bc-65fe-495f-87b4-74cc7f1d9d2a,https://censorship.kplus.vn/MediaAssets/Asset/97f6cf39-ecf0-ef11-8593-0c42a12723cb/StreamPreview,YES,Success
"Kids show ",N/A,"","","",,,,"",,,,,N/A,Filtered Out (Trailer/Whitelist)
"Show Bức tường",ENT_MUS__2649709,"LIVESHOW BỨC TƯỜNG TRỞ VỀ","Music","Entertainment",1,HD,,"",2021-05-07T00:00:00+07:00,,ad4d3bb7-5119-4758-bd05-8dd20f29e202,https://censorship.kplus.vn/MediaAssets/Asset/8d9eb44a-09ea-ee11-9144-f40270bf9ea7/StreamPreview,YES,Success
